form='St.'	lemma='St.'	Abbr=Yes	in_treebanks={None}	Ludvig den tyske invaderade Mähren och ersatte Mojmír I med dennes brorson Rastiz som blev St. Rastislav.
form='framtida'	lemma='framtida'	Case=Nom|Degree=Pos	in_treebanks={None}	En ordentlig teologi skulle därför behöva konstrueras i ljuset av dess framtida mål.
form='samtida'	lemma='samtida'	Case=Nom|Degree=Pos	in_treebanks={None}	Klänningen är samtida.
form='nutida'	lemma='nutida'	Case=Nom|Degree=Pos	in_treebanks={None}	833 e.Kr. blev detta staten Stormähren i och med erövrandet av furstendömet Nitra (nutida Slovakien).
form='enda'	lemma='enda'	Case=Nom|Degree=Pos	in_treebanks={None}	Konstnärer når människor i deras hjärtan, det är den enda gången när vi möts på en plats och lägger våra meningsskiljaktigheter åt sidan.
form='båda'	lemma='båda'	Case=Nom|Degree=Pos|Number=Plur	in_treebanks={None}	Två av de mest framstående medelhavscivilisationerna i den klassiska antiken var de grekiska stadsstaterna och fenicierna, vilka båda koloniserade Medelhavets kustlinjer i hög grad.
form='buggiga'	lemma='buggiga'	Case=Nom|Degree=Pos|Number=Plur	in_treebanks={None}	När Millican dog antog vi att det var det sista vi skulle se av buggiga, ryckiga Odi också.
form='tvåpoliga'	lemma='tvåpoliga'	Case=Nom|Definite=Def|Degree=Pos|Number=Sing	in_treebanks={None}	Genom att använda Alvarez tvåpoliga antenn för att få en väldigt hög optisk upplösning möjliggör GCA för markbaserade radaroperatörer som tittar på speciella precisionsskärmar att guida ett landande flygplan på landningsbanan genom att sända verbala kommandon till piloten.
form='nyliga'	lemma='nyliga'	Case=Nom|Degree=Pos|Number=Plur	in_treebanks={None}	De ”nyliga händelserna” är troligen attackerna den 21 oktober som tillfälligt slog ut populära webbsidor som Reddit, Twitter och Spotify såväl som många andra.
form='nyliga'	lemma='nyliga'	Case=Nom|Definite=Def|Degree=Pos|Number=Sing	in_treebanks={None}	Vi rör oss i rätt riktning: Paris-avtalet kommer att sakta ner klimatförändringarna, vilket även det nyliga Kigali-tillägget för att minska HFC:er kommer att göra, sade Erik Solheim, chef för FN:s miljöorgan.
form='många'	lemma='många'	Case=Nom|Degree=Pos|Number=Plur	in_treebanks={None}	Vi ser många, många länder, och särskilt stora nya utsläppare som Brasilien, Sydafrika, Indien och Kina som stiger fram när det kommer till att spela en roll i att minska utsläppen, sade Guilbeault.
form='noga'	lemma='noga'	Case=Nom|Degree=Pos	in_treebanks={None}	Efter kompromissen var kejsare och kung Frans Josef I mycket noga med att behandla båda sina monarkier lika.
form='karibiska'	lemma='karibiska'	Case=Nom|Definite=Def|Degree=Pos|Number=Sing	in_treebanks={None}	Från 1500-talet identifierade européer som besökte den karibiska regionen det ”Södra havet” (Stilla havet, söder om Panamanäset) i motsats till det ”Norra havet” (Karibiska havet, norr om samma näs).
form='akamenidiska'	lemma='akamenidiska'	Case=Nom|Degree=Pos|Number=Plur	in_treebanks={None}	De akamenidiska styrkorna erövrade Trakien, de grekiska städerna längs kusten och Paionierna.
form='akamenidiska'	lemma='akamenidiska'	Case=Nom|Definite=Def|Degree=Pos|Number=Sing	in_treebanks={None}	Så småningom, ungefär 512–511 f.Kr., accepterade den makedoniske kungen Amyntas I den akemenidiska överhögheten och överlämnade sitt land som en vassalstat till det akamenidiska Persien.
form='akemenidiska'	lemma='akemenidiska'	Case=Nom|Definite=Def|Degree=Pos|Number=Sing	in_treebanks={None}	Så småningom, ungefär 512–511 f.Kr., accepterade den makedoniske kungen Amyntas I den akemenidiska överhögheten och överlämnade sitt land som en vassalstat till det akamenidiska Persien.
form='yazidiska'	lemma='yazidiska'	Case=Nom|Degree=Pos|Number=Plur	in_treebanks={None}	Först började en av de yazidiska kvinnorna att gråta, sedan en av hennes vänner.
form='apuliska'	lemma='apuliska'	Case=Nom|Degree=Pos|Number=Plur	in_treebanks={None}	Den andra apuliska och kalabriska kungliga regionen hade då etablerats, vilken också inkluderade Samnium, delar av Molise och det orientaliska Basilicata.
form='messeniska'	lemma='messeniska'	Case=Nom|Definite=Def|Degree=Pos|Number=Sing	in_treebanks={None}	Under det andra messeniska kriget etablerade sig Sparta som en lokal makt i Peleponnesos och resten av Grekland.
form='logistiska'	lemma='logistiska'	Case=Nom|Degree=Pos|Number=Plur	in_treebanks={None}	Ramses, som inte hade logistiska möjligheter att upprätthålla en lång belägring, återvände till Egypten.
form='khitanska'	lemma='khitanska'	Case=Nom|Definite=Def|Degree=Pos|Number=Sing	in_treebanks={None}	Hans rykte vid hovet ökade när han skickades ut som sändebud till den khitanska Liao-dynastin under sommaren 1075.
form='mayanska'	lemma='mayanska'	Case=Nom|Degree=Pos|Number=Plur	in_treebanks={None}	Mönstren som presenteras av datan från Petén-regionen och Uaxactun gjorde att dessa platser kunde passas in i den kulturella utvecklingen av de mayanska lågländerna.
form='mykenska'	lemma='mykenska'	Case=Nom|Definite=Def|Degree=Pos|Number=Sing	in_treebanks={None}	Under 700-talet f.Kr. började Grekland komma ut ur den mörka tidsålder som följde den mykenska civilisationens fall.
form='autosomala'	lemma='autosomala'	Case=Nom|Degree=Pos|Number=Plur	in_treebanks={None}	Enligt en genetikstudie på autosomala data om romer är källan för sydasiatiskt ursprung hos romer nordvästra Indien.
form='samma'	lemma='samma'	Case=Nom|Definite=Def|Degree=Pos|Number=Sing	in_treebanks={None}	Området som kontrollerades av Bogd Khaan var ungefärligen det samma som Yttre Mongoliet under Qing-perioden.
form='bra'	lemma='bra'	Case=Nom|Degree=Pos	in_treebanks={None}	Deras återkomster understryker attraktionen hos en bra utmaning, konstnärlig eller annan: obekvämhet, utveckling och en meningsfull koppling.
form='jättebra'	lemma='jättebra'	Case=Nom|Degree=Pos	in_treebanks={None}	Vi har ett jättebra lag och det är en möjlighet för oss att föra skeppet framåt.
form='flera'	lemma='flera'	Case=Nom|Definite=Ind|Degree=Pos|Number=Plur	in_treebanks={None}	Seagal, vars farmor kom från Vladivostok i Rysslands östligaste delar har gjort flera resor till Ryssland de senaste åren och besökte Kamtjatka och Sakhalin i september.
form='förra'	lemma='förra'	Case=Nom|Definite=Def|Degree=Pos|Number=Sing	in_treebanks={None}	Det är otroligt, rapporterade Lindsay Gay, SaskTel-kund med obegränsad datamängd, förra månaden.
form='nordöstra'	lemma='nordöstra'	Case=Nom|Definite=Def|Degree=Pos|Number=Sing	in_treebanks={None}	1928 uppfördes en golfbana på 90 hektar i den nordöstra delen av parken, intill kapplöpningsbanan.
form='sydöstra'	lemma='sydöstra'	Case=Nom|Definite=Def|Degree=Pos|Number=Sing	in_treebanks={None}	Ett koldrivet kraftverk i Badarpur, sydöstra Dehli, kommer att stängas av i 10 dagar, tillsammans med dieselgeneratorer i staden.
form='icke-vita'	lemma='icke-vita'	Case=Nom|Definite=Def|Number=Sing|Tense=Past|VerbForm=Part	in_treebanks={None}	Med hennes utseende färdigställt blev Jasmine Disneys första icke-vita prinsessa i motsats till att vara av europeisk härkomst.
form='förenta'	lemma='förenta'	Case=Nom|Degree=Pos|Number=Plur	in_treebanks={None}	På tisdag kan Amerikas förenta stater välja den första kvinnliga presidenten i dess historia.
form='nästa'	lemma='nästa'	Case=Nom|Degree=Pos	in_treebanks={None}	Du börjar lyssna mer uppmärksamt efter nästa ljud och blir mer irriterad när det kommer.
form='snabb'	lemma='snabb'	Case=Nom|Definite=Ind|Degree=Pos|Gender=Com|Number=Sing	in_treebanks={None}	Tyvärr har en snabb befolkningstillväxt och stadsspridning täckt mycket av dessa ekosystem med bebyggelse.
form='laddad'	lemma='laddad'	Case=Nom|Definite=Ind|Gender=Com|Number=Sing|Tense=Past|VerbForm=Part	in_treebanks={None}	Händelsen var känd i Paris och orsakade mer upprördhet i en stämning som redan var laddad på grund av det höga priset på bröd och bristen på matvaror.
form='skyddad'	lemma='skyddad'	Case=Nom|Definite=Ind|Gender=Com|Number=Sing|Tense=Past|VerbForm=Part	in_treebanks={None}	Blindleia är en av skär skyddad vattenled som börjar nära Kristiansand i södra Norge och fortsätter förbi Lillesand.
form='inbäddad'	lemma='inbäddad'	Case=Nom|Definite=Ind|Gender=Com|Number=Sing|Tense=Past|VerbForm=Part	in_treebanks={None}	Enligt kristen tro var en grav som var inbäddad i kalkstenen Jesus sista viloplats.
form='avskedad'	lemma='avskedad'	Case=Nom|Definite=Ind|Gender=Com|Number=Sing|Tense=Past|VerbForm=Part	in_treebanks={None}	Mr Osborne gick med i en talaragentur efter att ha blivit avskedad i juli.
form='utbildad'	lemma='utbildad'	Case=Nom|Definite=Ind|Gender=Com|Number=Sing|Tense=Past|VerbForm=Part	in_treebanks={None}	Vad religiösa bruk beträffar var Fiorello utbildad inom Episkopalkyrkan och förblev medlem i den protestantiska kyrkan hela sitt liv.
form='blandad'	lemma='blandad'	Case=Nom|Definite=Ind|Gender=Com|Number=Sing|Tense=Past|VerbForm=Part	in_treebanks={None}	Grundad 1925 som spel för vem som helst drar utomhusteatern på de stora trapporna framför St. Michael fortfarande en blandad publik.
form='förbluffad'	lemma='förbluffad'	Case=Nom|Definite=Ind|Gender=Com|Number=Sing|Tense=Past|VerbForm=Part	in_treebanks={None}	Deras chef för miljöpolicy Jeff Knott konstaterade: ”Jag skulle bli förbluffad om antingen ett förbud eller licensiering infördes som en följd av detta”.
form='anklagad'	lemma='anklagad'	Case=Nom|Definite=Ind|Gender=Com|Number=Sing|Tense=Past|VerbForm=Part	in_treebanks={None}	Två år senare står Jutting, nu 31, inför Hong Kongs högsta domstol anklagad för två fall av mord och ett fall av att förhindra lagenlig begravning.
form='berättigad'	lemma='berättigad'	Case=Nom|Definite=Ind|Gender=Com|Number=Sing|Tense=Past|VerbForm=Part	in_treebanks={None}	Donald Trump är en pompös, arrogant person som känner sig berättigad att få allt han vill och som bryr sig om sig själv, och hans temperament är skadligt för USA.
form='övertygad'	lemma='övertygad'	Case=Nom|Definite=Ind|Gender=Com|Number=Sing|Tense=Past|VerbForm=Part	in_treebanks={None}	Den kanadensiske utredaren av flygplanskraschen Larry Vance berättade för SPIEGEL att han är övertygad att en av piloterna avsåg att landa maskinen på havsytan – så den skulle sjunka.
form='förälskad'	lemma='förälskad'	Case=Nom|Definite=Ind|Gender=Com|Number=Sing|Tense=Past|VerbForm=Part	in_treebanks={None}	Under sin tid där mötte Kipling även, och blev förälskad i, Florence Garrard som steg ombord med Trix vid Southsea (dit Trix hade återvänt).
form='ökad'	lemma='ökad'	Case=Nom|Definite=Ind|Gender=Com|Number=Sing|Tense=Past|VerbForm=Part	in_treebanks={None}	Krigföring på land förändrades från de statiska frontlinjerna i Första världskriget till ökad mobilitet och kombinerade vapen.
form='kallad'	lemma='kallad'	Case=Nom|Definite=Ind|Gender=Com|Number=Sing|Tense=Past|VerbForm=Part	in_treebanks={None}	Cheferna erhåller också så kallad ”prestationslön” för att uppfylla eller överträffa förväntningar, och delar en pott på 1,5 miljoner dollar mellan sig, eller en uppskattad summa på 15 000 dollar i genomsnitt.
form='samlad'	lemma='samlad'	Case=Nom|Definite=Ind|Gender=Com|Number=Sing|Tense=Past|VerbForm=Part	in_treebanks={None}	I Hong Kongs högsta domstol, två år senare, verkade Jutting mestadels samlad.
form='hemligstämplad'	lemma='hemligstämplad'	Case=Nom|Definite=Ind|Gender=Com|Number=Sing|Tense=Past|VerbForm=Part	in_treebanks={None}	Hon drog också fördel av sina personliga kontakter med många statsanställda vetenskapsmän, som försåg henne med hemligstämplad information.
form='filmad'	lemma='filmad'	Case=Nom|Definite=Ind|Gender=Com|Number=Sing|Tense=Past|VerbForm=Part	in_treebanks={None}	Wintour själv syns helt kort, och blir filmad när hon tar på sig sina solglasögon innan hon blir intervjuad.
form='avslappnad'	lemma='avslappnad'	Case=Nom|Definite=Ind|Gender=Com|Number=Sing|Tense=Past|VerbForm=Part	in_treebanks={None}	Denna konvention är bara något avslappnad i modern tid och nu är det fortfarande inte tillrådligt att mellan vänner använda förnamnet, men användning av familjenamnet är fortfarande vanligt.
form='obeväpnad'	lemma='obeväpnad'	Case=Nom|Definite=Ind|Degree=Pos|Gender=Com|Number=Sing	in_treebanks={None}	Men när senaten svarade honom definitivt genom att förbjuda honom från att kandidera till konsul och ge honom valet att antingen dra tillbaka sina trupper eller bli en samhällets fiende förstod han att vilket alternativ han än valde skulle han överlämna sig obeväpnad in i sina politiska fienders händer.
form='oroad'	lemma='oroad'	Case=Nom|Definite=Ind|Gender=Com|Number=Sing|Tense=Past|VerbForm=Part	in_treebanks={None}	Som en följd är inte Trump särskilt oroad över latinamerikanernas röst på en nationell nivå.
form='barskrapad'	lemma='barskrapad'	Case=Nom|Definite=Ind|Degree=Pos|Gender=Com|Number=Sing	in_treebanks={None}	Vid den här tiden hade extravagant spenderande och en rad av dåliga investeringar av hennes investerare lämnat henne nästan barskrapad.
form='dämpad'	lemma='dämpad'	Case=Nom|Definite=Ind|Gender=Com|Number=Sing|Tense=Past|VerbForm=Part	in_treebanks={None}	Mrs Clinton har ett rykte om att ha en hökliknande inställning, men denna kommer att vara dämpad av den krigströtta allmänna opinionen i USA.
form='förknippad'	lemma='förknippad'	Case=Nom|Definite=Ind|Gender=Com|Number=Sing|Tense=Past|VerbForm=Part	in_treebanks={None}	Så klart är den taktila trenden nära förknippad med vår växande fixering vid att göra saker.
form='föråldrad'	lemma='föråldrad'	Case=Nom|Definite=Ind|Gender=Com|Number=Sing|Tense=Past|VerbForm=Part	in_treebanks={None}	Den federala regeringen rapporterar proaktivt om samlade sammanlagda prestationslöner och bonusnivåer för varje departement, men den senaste uppgiften på webben är för 2013–2014 – eller två år föråldrad.
form='okvalificerad'	lemma='okvalificerad'	Case=Nom|Definite=Ind|Degree=Pos|Gender=Com|Number=Sing	in_treebanks={None}	Vi kan inte låta presidentskapet gå till Donald Trump, någon så rasistisk, sexistisk och otroligt okvalificerad att vara överbefälhavare.
form='komplicerad'	lemma='komplicerad'	Case=Nom|Definite=Ind|Gender=Com|Number=Sing|Tense=Past|VerbForm=Part	in_treebanks={None}	Vad som började som en rutinmässig ultraljudsundersökning blev komplicerad när den väntande modern Margaret Boemer från Plano, Texas fick höra att hennes ofödda barn hade en ovanlig åkomma och behövde en operation för att överleva.
form='utstuderad'	lemma='utstuderad'	Case=Nom|Definite=Ind|Degree=Pos|Gender=Com|Number=Sing	in_treebanks={None}	Starlin tog över som historieplanerare följande utgåva, och började utveckla en utstuderad historieföljd som centrerades på den skurkaktige Thanos, och spreds ut över flera Marvel-titlar.
form='detaljerad'	lemma='detaljerad'	Case=Nom|Definite=Ind|Gender=Com|Number=Sing|Tense=Past|VerbForm=Part	in_treebanks={None}	Von Beust rättfärdigade kostnadsökningarna som en brist på detaljerad planering.
form='planerad'	lemma='planerad'	Case=Nom|Definite=Ind|Gender=Com|Number=Sing|Tense=Past|VerbForm=Part	in_treebanks={None}	Sammankomsten var ursprungligen planerad till Washingtons privata Metropolitan Club på H Street några kvarter bort.
form='exponerad'	lemma='exponerad'	Case=Nom|Definite=Ind|Gender=Com|Number=Sing|Tense=Past|VerbForm=Part	in_treebanks={None}	De kunde däremot inte hitta samma mönster i vävnaden som urinblåsan, som inte är direkt exponerad.
form='röstningsregistrerad'	lemma='röstningsregistrerad'	Case=Nom|Definite=Ind|Gender=Com|Number=Sing|Tense=Past|VerbForm=Part	in_treebanks={None}	Tisdagen handlar helt om att få ut rösterna, men det betyder inget om en röstningsregistrerad person inte finns på listan.
form='kolbaserad'	lemma='kolbaserad'	Case=Nom|Definite=Ind|Gender=Com|Number=Sing|Tense=Past|VerbForm=Part	in_treebanks={None}	Adnan Z. Amin, generaldirektör för den Internationella organisationen för förnyelsebara energier (IRENA), är säker: ”Vindkraft till havs kan bli den största energikällan i en global ekonomi som är fri från kolbaserad energi.”
form='intresserad'	lemma='intresserad'	Case=Nom|Definite=Ind|Gender=Com|Number=Sing|Tense=Past|VerbForm=Part	in_treebanks={None}	Joseph Schenk var intresserad av att låta sin fru, Norma Talmadge, spela mot Valentino i en version av Romeo och Julia.
form='regisserad'	lemma='regisserad'	Case=Nom|Definite=Ind|Gender=Com|Number=Sing|Tense=Past|VerbForm=Part	in_treebanks={None}	2007 var den mest framgångsrika filmen El Greco, regisserad av Yannis Smaragdis.
form='friterad'	lemma='friterad'	Case=Nom|Definite=Ind|Gender=Com|Number=Sing|Tense=Past|VerbForm=Part	in_treebanks={None}	Kina omättliga aptit på friterad kyckling brukade vara en stor anledning till att investerare älskade KFC:s moderföretag Yum Brands.
form='irriterad'	lemma='irriterad'	Case=Nom|Definite=Ind|Gender=Com|Number=Sing|Tense=Past|VerbForm=Part	in_treebanks={None}	Du börjar lyssna mer uppmärksamt efter nästa ljud och blir mer irriterad när det kommer.
form='besegrad'	lemma='besegrad'	Case=Nom|Definite=Ind|Gender=Com|Number=Sing|Tense=Past|VerbForm=Part	in_treebanks={None}	Hon mötte härnäst den regerande mästaren och toppseedade Sara Errani, men blev besegrad.
form='förbättrad'	lemma='förbättrad'	Case=Nom|Definite=Ind|Gender=Com|Number=Sing|Tense=Past|VerbForm=Part	in_treebanks={None}	Rona utvecklade en förbättrad metod för förberedelse av poloniumkällor och produktion av alfastrålning.
form='kolsyrad'	lemma='kolsyrad'	Case=Nom|Definite=Ind|Gender=Com|Number=Sing|Tense=Past|VerbForm=Part	in_treebanks={None}	Lamarrs tidigaste uppfinningar inkluderar ett förbättrat trafikljus och en tablett som löses upp i vatten för att bilda en kolsyrad dryck.
form='obegränsad'	lemma='obegränsad'	Case=Nom|Definite=Ind|Degree=Pos|Gender=Com|Number=Sing	in_treebanks={None}	Det är otroligt, rapporterade Lindsay Gay, SaskTel-kund med obegränsad datamängd, förra månaden.
form='inriktad'	lemma='inriktad'	Case=Nom|Definite=Ind|Gender=Com|Number=Sing|Tense=Past|VerbForm=Part	in_treebanks={None}	Den var dock alltför inriktad på små utposter i väster och inte lika väl förberedd på en konflikt över havet.
form='uppskattad'	lemma='uppskattad'	Case=Nom|Definite=Ind|Gender=Com|Number=Sing|Tense=Past|VerbForm=Part	in_treebanks={None}	Cheferna erhåller också så kallad ”prestationslön” för att uppfylla eller överträffa förväntningar, och delar en pott på 1,5 miljoner dollar mellan sig, eller en uppskattad summa på 15 000 dollar i genomsnitt.
form='upprättad'	lemma='upprättad'	Case=Nom|Definite=Ind|Gender=Com|Number=Sing|Tense=Past|VerbForm=Part	in_treebanks={None}	Australiens Royal National Park, upprättad 1879, var världens andra officiellt upprättade nationalpark.
form='sammanflätad'	lemma='sammanflätad'	Case=Nom|Definite=Ind|Gender=Com|Number=Sing|Tense=Past|VerbForm=Part	in_treebanks={None}	På grund av det delade klimatet, geologin och tillgången till havet tenderade kulturer som centrerades till Medelhavet att ha ett visst mått av sammanflätad kultur och historia.
form='intervjuad'	lemma='intervjuad'	Case=Nom|Definite=Ind|Gender=Com|Number=Sing|Tense=Past|VerbForm=Part	in_treebanks={None}	Wintour själv syns helt kort, och blir filmad när hon tar på sig sina solglasögon innan hon blir intervjuad.
form='förberedd'	lemma='förberedd'	Case=Nom|Definite=Ind|Gender=Com|Number=Sing|Tense=Past|VerbForm=Part	in_treebanks={None}	Den var dock alltför inriktad på små utposter i väster och inte lika väl förberedd på en konflikt över havet.
form='obestridd'	lemma='obestridd'	Case=Nom|Definite=Ind|Degree=Pos|Gender=Com|Number=Sing	in_treebanks={None}	Under det första århundradet av utveckling var den spanska dominansen i regionen obestridd.
form='högljudd'	lemma='högljudd'	Case=Nom|Definite=Ind|Degree=Pos|Gender=Com|Number=Sing	in_treebanks={None}	Men Kinas växande medelklass har varit ovanligt högljudd med sina klagomål över giftig luft i städer som Beijing som kan uppleva dag efter dag med lungtilltäppande smog.
form='skräddarsydd'	lemma='skräddarsydd'	Case=Nom|Definite=Ind|Gender=Com|Number=Sing|Tense=Past|VerbForm=Part	in_treebanks={None}	På en nivå fungerar den som en vänlig opretentiös hjärtevärmare som verkar skräddarsydd för att ses en söndag eftermiddag.
form='humanoid'	lemma='humanoid'	Case=Nom|Definite=Ind|Degree=Pos|Gender=Com|Number=Sing	in_treebanks={None}	Ett av exemplen på forskning som tillämpas under säkerhetsåtgärder har också producerat en humanoid robot för att tävla med Valentino Rossi.
form='nöjd'	lemma='nöjd'	Case=Nom|Definite=Ind|Gender=Com|Number=Sing|Tense=Past|VerbForm=Part	in_treebanks={None}	Katarina av Ryssland var också väldigt nöjd.
form='anställd'	lemma='anställd'	Case=Nom|Definite=Ind|Gender=Com|Number=Sing|Tense=Past|VerbForm=Part	in_treebanks={None}	Efter att ha följt en jobbannons som hans syster hittat i The Scotsman arbetade han i ett och ett halvt år som anställd journalist på Nottingham Journal.
form='återställd'	lemma='återställd'	Case=Nom|Definite=Ind|Gender=Com|Number=Sing|Tense=Past|VerbForm=Part	in_treebanks={None}	Efter en del genial kirurgi och mycket väldigt krävande rehabilitering är jag fullt återställd.
form='dold'	lemma='dold'	Case=Nom|Definite=Ind|Gender=Com|Number=Sing|Tense=Past|VerbForm=Part	in_treebanks={None}	Det är möjligt att räkna ut vilken fas månen stod i en viss dag för två tusen år sedan men inte huruvida den var dold av moln eller dis.
form='såld'	lemma='såld'	Case=Nom|Definite=Ind|Gender=Com|Number=Sing|Tense=Past|VerbForm=Part	in_treebanks={None}	Han dök hela tiden upp vid min lada och jag skojade med grabben att han uppenbarligen inte ville bli såld.
form='känd'	lemma='känd'	Case=Nom|Definite=Ind|Gender=Com|Number=Sing|Tense=Past|VerbForm=Part	in_treebanks={None}	Den norra delen av Kaukasus är känd som Nordkaukasus och den södra delen som Transkaukasus.
form='igenkänd'	lemma='igenkänd'	Case=Nom|Definite=Ind|Gender=Com|Number=Sing|Tense=Past|VerbForm=Part	in_treebanks={None}	Kungen vidtog inga särskilda försiktighetsåtgärder under sin flykt och blev igenkänd flera gånger vid sina anhalter.
form='god'	lemma='god'	Case=Nom|Definite=Ind|Degree=Pos|Gender=Com|Number=Sing	in_treebanks={None}	Vid den här tiden bodde endast runt fyrtio familjer där med mängder av god jordbruksmark och bete för boskap.
form='absurd'	lemma='absurd'	Case=Nom|Definite=Ind|Degree=Pos|Gender=Com|Number=Sing	in_treebanks={None}	Världen må vara förargande och absurd – men någon har i alla fall självrespekten att fortsätta protestera mot detta faktum.
form='värd'	lemma='värd'	Case=Nom|Definite=Ind|Degree=Pos|Gender=Com|Number=Sing	in_treebanks={None}	Vinteruniversiaden 2019 kommer ha Krasnoyarsk som värd.
form='anmärkningsvärd'	lemma='anmärkningsvärd'	Case=Nom|Definite=Ind|Degree=Pos|Gender=Com|Number=Sing	in_treebanks={None}	Han beskrev henne som en ”anmärkningsvärd” och ”kärleksfull och underbar” kvinna som gjorde avtryck i den skönlitterära världen med sina historier.
form='död'	lemma='död'	Case=Nom|Definite=Ind|Degree=Pos|Gender=Com|Number=Sing	in_treebanks={None}	För tillfället är analytiker tveksamma till att skriva av tjänsten som död.
form='röd'	lemma='röd'	Case=Nom|Definite=Ind|Degree=Pos|Gender=Com|Number=Sing	in_treebanks={None}	Vid varje station har en vakt i röd mössa uppsikt över perrongen och en hjulknackare går längs tåget med en hammare och knackar försiktigt på underredet.
form='trygg'	lemma='trygg'	Case=Nom|Definite=Ind|Degree=Pos|Gender=Com|Number=Sing	in_treebanks={None}	Uttryckt på ett annat sätt: unga män (som utgör den stora majoriteten av stridande i inbördeskrig) är mindre troliga att gå med i en revolt om de får utbildning eller har en trygg lön, och rimligen kan anta att de kommer att ha framgång i framtiden.
form='stadig'	lemma='stadig'	Case=Nom|Definite=Ind|Degree=Pos|Gender=Com|Number=Sing	in_treebanks={None}	Då en stadig vind börjar blåsa börjar små partiklar som ligger på marken att vibrera.
form='ostadig'	lemma='ostadig'	Case=Nom|Definite=Ind|Degree=Pos|Gender=Com|Number=Sing	in_treebanks={None}	En seger för Donald Trump skulle genast göra världen mer oroande och ostadig än den redan är.
form='ständig'	lemma='ständig'	Case=Nom|Definite=Ind|Degree=Pos|Gender=Com|Number=Sing	in_treebanks={None}	Och, såklart, så har vi Bob, en ständig källa till underhållning.
form='självständig'	lemma='självständig'	Case=Nom|Definite=Ind|Degree=Pos|Gender=Com|Number=Sing	in_treebanks={None}	Jin Ping Mei, utgiven 1610, markerar, fastän den innehåller tidigare material, trenden mot självständig sammansättning och intresse för psykologi.
form='nödvändig'	lemma='nödvändig'	Case=Nom|Definite=Ind|Degree=Pos|Gender=Com|Number=Sing	in_treebanks={None}	En tredjepartsmajoritet är nödvändig, specifikt rösterna från 367 parlamentsledamöter (av 550), medan 330 röster behövs för att framkalla en folkomröstning.
form='ihärdig'	lemma='ihärdig'	Case=Nom|Definite=Ind|Degree=Pos|Gender=Com|Number=Sing	in_treebanks={None}	Lenny är en ihärdig ungkarl som har otur med kvinnor.
form='nådig'	lemma='nådig'	Case=Nom|Definite=Ind|Degree=Pos|Gender=Com|Number=Sing	in_treebanks={None}	Han var ytterst nådig och tog det som en karl, jag är bortom ursinnig.
form='nord-sydlig'	lemma='nord-sydlig'	Case=Nom|Definite=Ind|Degree=Pos|Gender=Com|Number=Sing	in_treebanks={None}	Kultlämningar som upptäcktes på platsen var en rad av tio stora upprätta stenar, kända som massebot, uppställda i nord-sydlig riktning varav den högsta var tre meter, med en altarliknande struktur i mitten och en stor fyrkantig stenskål.
form='otydlig'	lemma='otydlig'	Case=Nom|Definite=Ind|Degree=Pos|Gender=Com|Number=Sing	in_treebanks={None}	Men arkitektur kan bygga broar mellan de levande och de döda och, i någon mån, göra gränsen otydlig.
form='dödlig'	lemma='dödlig'	Case=Nom|Definite=Ind|Degree=Pos|Gender=Com|Number=Sing	in_treebanks={None}	Trots publiceringen av ett foto i morse säger polisen i B.C. att de har fler frågor än svar i ett fall där en till synes hemlös man åtalas för en dödlig knivattack på en tonårig flicka vid hennes high school i Abbotsford.
form='laglig'	lemma='laglig'	Case=Nom|Definite=Ind|Degree=Pos|Gender=Com|Number=Sing	in_treebanks={None}	Gomery, som ledde undersökningskommissionen om den federala sponsringsskandalen mellan 2004 och 2006 sade att sådana organisationer är oundgängliga för att hjälpa till för att bygga upp allmänhetens förtroende för laglig rätt.
form='möjlig'	lemma='möjlig'	Case=Nom|Definite=Ind|Degree=Pos|Gender=Com|Number=Sing	in_treebanks={None}	Dessutom är förekomsten av orkaner på ön möjlig under sommaren.
form='skicklig'	lemma='skicklig'	Case=Nom|Definite=Ind|Degree=Pos|Gender=Com|Number=Sing	in_treebanks={None}	I ett avsnitt visas han vara en skicklig gitarrspelare.
form='verklig'	lemma='verklig'	Case=Nom|Definite=Ind|Degree=Pos|Gender=Com|Number=Sing	in_treebanks={None}	”Vi funderar aktivt över möjliga sätt att minska lagföringens omfattning till bara de som har en verklig ställning inom ett projekt”, citerades han att ha sagt.
form='kullig'	lemma='kullig'	Case=Nom|Definite=Ind|Degree=Pos|Gender=Com|Number=Sing	in_treebanks={None}	Den inre delen av regionen är flack och kullig, utan tydliga gränser mellan ett område och nästa.
form='fullkomlig'	lemma='fullkomlig'	Case=Nom|Definite=Ind|Degree=Pos|Gender=Com|Number=Sing	in_treebanks={None}	Corrado Passera drar tillbaka erbjudandet för Mps på grund av ”den attityd av fullkomlig slutenhet som banken har visat oss”.
form='manlig'	lemma='manlig'	Case=Nom|Definite=Ind|Degree=Pos|Gender=Com|Number=Sing	in_treebanks={None}	Mycket av debatten, från Demokraternas sida i år, har handlat om vit manlig identitet.
form='ovanlig'	lemma='ovanlig'	Case=Nom|Definite=Ind|Degree=Pos|Gender=Com|Number=Sing	in_treebanks={None}	Vad som började som en rutinmässig ultraljudsundersökning blev komplicerad när den väntande modern Margaret Boemer från Plano, Texas fick höra att hennes ofödda barn hade en ovanlig åkomma och behövde en operation för att överleva.
form='lagenlig'	lemma='lagenlig'	Case=Nom|Definite=Ind|Degree=Pos|Gender=Com|Number=Sing	in_treebanks={None}	Två år senare står Jutting, nu 31, inför Hong Kongs högsta domstol anklagad för två fall av mord och ett fall av att förhindra lagenlig begravning.
form='vänlig'	lemma='vänlig'	Case=Nom|Definite=Ind|Degree=Pos|Gender=Com|Number=Sing	in_treebanks={None}	På en nivå fungerar den som en vänlig opretentiös hjärtevärmare som verkar skräddarsydd för att ses en söndag eftermiddag.
form='otrolig'	lemma='otrolig'	Case=Nom|Definite=Ind|Degree=Pos|Gender=Com|Number=Sing	in_treebanks={None}	Jag måste gratulera Andy – att bli nummer 1 i världen, det är en otrolig bedrift, sade amerikanen.
form='vetenskaplig'	lemma='vetenskaplig'	Case=Nom|Definite=Ind|Degree=Pos|Gender=Com|Number=Sing	in_treebanks={None}	Snarare än att lära ut vetenskaplig metod som ett separat moment, till exempel, lär sig eleverna vetenskapligt innehåll genom att tillämpa det.
form='utomäktenskaplig'	lemma='utomäktenskaplig'	Case=Nom|Definite=Ind|Degree=Pos|Gender=Com|Number=Sing	in_treebanks={None}	Under semestern påbörjade han en utomäktenskaplig affär med den unga flickan, vilket han medgav kort därefter.
form='olämplig'	lemma='olämplig'	Case=Nom|Definite=Ind|Degree=Pos|Gender=Com|Number=Sing	in_treebanks={None}	Clinton med allierade försöker under tiden hålla strålkastarljuset på Trump, och menar att hans nedsättande kommentarer om kvinnor och minoriteter, samt hans temperament gör honom olämplig som president.
form='föränderlig'	lemma='föränderlig'	Case=Nom|Definite=Ind|Degree=Pos|Gender=Com|Number=Sing	in_treebanks={None}	Suez-krisen visade begränsningarna för de gamla kolonialmakterna som Storbritannien och Frankrike i en föränderlig värld.
form='naturlig'	lemma='naturlig'	Case=Nom|Definite=Ind|Degree=Pos|Gender=Com|Number=Sing	in_treebanks={None}	Svavel är ett nyckelnäringsämne för växter för frisk tillväxt, men marker i Förenade kungariket har en naturlig brist på detta nödvändiga mineral.
form='konstnärlig'	lemma='konstnärlig'	Case=Nom|Definite=Ind|Degree=Pos|Gender=Com|Number=Sing	in_treebanks={None}	Deras återkomster understryker attraktionen hos en bra utmaning, konstnärlig eller annan: obekvämhet, utveckling och en meningsfull koppling.
form='plötslig'	lemma='plötslig'	Case=Nom|Definite=Ind|Degree=Pos|Gender=Com|Number=Sing	in_treebanks={None}	”Fler vänder sig till kreditutlåning … Fast detta lånande kanske är under kontroll nu kan en plötslig förändring i omständigheterna leda till skuldproblem.”
form='statlig'	lemma='statlig'	Case=Nom|Definite=Ind|Degree=Pos|Gender=Com|Number=Sing	in_treebanks={None}	Shen Kuo imponerade snart Wang Anshi med sina färdigheter och förmågor som administratör och statlig agent.
form='ordentlig'	lemma='ordentlig'	Case=Nom|Definite=Ind|Degree=Pos|Gender=Com|Number=Sing	in_treebanks={None}	Rafferty släppte två album till under 1990-talet i vad musikern Tom Robinson senare beskrev som ”en ordentlig återkomst till högform”.
form='offentlig'	lemma='offentlig'	Case=Nom|Definite=Ind|Degree=Pos|Gender=Com|Number=Sing	in_treebanks={None}	En mental konflikt grep Herzl, mellan lusten för litterär framgång och en vilja att agera som en offentlig person.
form='genomsnittlig'	lemma='genomsnittlig'	Case=Nom|Definite=Ind|Degree=Pos|Gender=Com|Number=Sing	in_treebanks={None}	En investerare med genomsnittlig tur och 10 000 pund i obligationer skulle kunna räkna med att erhålla 125 pund i vinster varje år.
form='ursinnig'	lemma='ursinnig'	Case=Nom|Definite=Ind|Degree=Pos|Gender=Com|Number=Sing	in_treebanks={None}	Han var ytterst nådig och tog det som en karl, jag är bortom ursinnig.
form='långvarig'	lemma='långvarig'	Case=Nom|Definite=Ind|Degree=Pos|Gender=Com|Number=Sing	in_treebanks={None}	"Föroreningarna attackerar inte bara de outvecklade lungorna på de små; de kan även leda till långvarig nedsättning i utvecklingen av den uppväxande hjärnan."
form='tonårig'	lemma='tonårig'	Case=Nom|Definite=Ind|Degree=Pos|Gender=Com|Number=Sing	in_treebanks={None}	Trots publiceringen av ett foto i morse säger polisen i B.C. att de har fler frågor än svar i ett fall där en till synes hemlös man åtalas för en dödlig knivattack på en tonårig flicka vid hennes high school i Abbotsford.
form='förstklassig'	lemma='förstklassig'	Case=Nom|Definite=Ind|Degree=Pos|Gender=Com|Number=Sing	in_treebanks={None}	Två australiensare, som enligt eget medgivande är usla golfare, bluffade sig in i en förstklassig golfturnering i Nordkorea.
form='rutinmässig'	lemma='rutinmässig'	Case=Nom|Definite=Ind|Degree=Pos|Gender=Com|Number=Sing	in_treebanks={None}	Vad som började som en rutinmässig ultraljudsundersökning blev komplicerad när den väntande modern Margaret Boemer från Plano, Texas fick höra att hennes ofödda barn hade en ovanlig åkomma och behövde en operation för att överleva.
form='undantagsmässig'	lemma='undantagsmässig'	Case=Nom|Definite=Ind|Degree=Pos|Gender=Com|Number=Sing	in_treebanks={None}	Det senare datumet kan bara ha infallit på en fredag om en undantagsmässig inskottsmånad införts det året, men detta gillades av Newton.
form='giftig'	lemma='giftig'	Case=Nom|Definite=Ind|Degree=Pos|Gender=Com|Number=Sing	in_treebanks={None}	Men Kinas växande medelklass har varit ovanligt högljudd med sina klagomål över giftig luft i städer som Beijing som kan uppleva dag efter dag med lungtilltäppande smog.
form='flitig'	lemma='flitig'	Case=Nom|Definite=Ind|Degree=Pos|Gender=Com|Number=Sing	in_treebanks={None}	Som flitig gitarrist spelade han en konsert där samma år.
form='gulaktig'	lemma='gulaktig'	Case=Nom|Definite=Ind|Degree=Pos|Gender=Com|Number=Sing	in_treebanks={None}	I färg visar löven en stor variation av grönt som löper från gulaktig till blåaktig.
form='blåaktig'	lemma='blåaktig'	Case=Nom|Definite=Ind|Degree=Pos|Gender=Com|Number=Sing	in_treebanks={None}	I färg visar löven en stor variation av grönt som löper från gulaktig till blåaktig.
form='mäktig'	lemma='mäktig'	Case=Nom|Definite=Ind|Degree=Pos|Gender=Com|Number=Sing	in_treebanks={None}	”När jag spelar honom känner jag mig mäktig”, förklarade Donald Trump-imitatören John Di Domeico för Slate förra året.
form='ogiltig'	lemma='ogiltig'	Case=Nom|Definite=Ind|Degree=Pos|Gender=Com|Number=Sing	in_treebanks={None}	Wilkes återvaldes och utestängdes två gånger till innan underhuset beslöt att hans kandidatur var ogiltig och förklarade tvåan som vinnare.
form='fyrkantig'	lemma='fyrkantig'	Case=Nom|Definite=Ind|Degree=Pos|Gender=Com|Number=Sing	in_treebanks={None}	Kultlämningar som upptäcktes på platsen var en rad av tio stora upprätta stenar, kända som massebot, uppställda i nord-sydlig riktning varav den högsta var tre meter, med en altarliknande struktur i mitten och en stor fyrkantig stenskål.
form='Talking'	lemma='Talking'	Degree=Pos	in_treebanks={None}	Nya avsnitt följs av en eftershow, ”The Talking Dead”.
form='ung'	lemma='ung'	Case=Nom|Definite=Ind|Degree=Pos|Gender=Com|Number=Sing	in_treebanks={None}	Det förutsades att han antingen skulle dö av hög ålder efter ett händelsefattigt liv, eller dö ung på ett slagfält och få odödlighet genom poesi.
form='lång'	lemma='lång'	Case=Nom|Definite=Ind|Degree=Pos|Gender=Com|Number=Sing	in_treebanks={None}	Han tillade: ”Detta har varit ett steg i en lång resa för att hitta den rätta kombinationen för manliga hormonella preventivmedel”.
form='låg'	lemma='låg'	Case=Nom|Definite=Ind|Degree=Pos|Gender=Com|Number=Sing	in_treebanks={None}	Det innefattar vanligtvis en låg grad av bebyggelse, såsom rustika picknickområden, bänkar och gångstigar.
form='hög'	lemma='hög'	Case=Nom|Definite=Ind|Degree=Pos|Gender=Com|Number=Sing	in_treebanks={None}	När personer dör till följd av hög ålder i Indien är det meningen att det ska firas.
form='high'	lemma='high'	Foreign=Yes	in_treebanks={None}	Trots publiceringen av ett foto i morse säger polisen i B.C. att de har fler frågor än svar i ett fall där en till synes hemlös man åtalas för en dödlig knivattack på en tonårig flicka vid hennes high school i Abbotsford.
form='fri'	lemma='fri'	Case=Nom|Definite=Ind|Degree=Pos|Gender=Com|Number=Sing	in_treebanks={None}	I konfliktens kärna fanns frågan om huruvida Kansas skulle uppgå i unionen som en fri stat eller slavstat.
form='flack'	lemma='flack'	Case=Nom|Definite=Ind|Degree=Pos|Gender=Com|Number=Sing	in_treebanks={None}	Den inre delen av regionen är flack och kullig, utan tydliga gränser mellan ett område och nästa.
form='osannolik'	lemma='osannolik'	Case=Nom|Definite=Ind|Degree=Pos|Gender=Com|Number=Sing	in_treebanks={None}	Doss historia har också en osannolik kvalitet som gör den så mycket mer tilltalande.
form='rik'	lemma='rik'	Case=Nom|Definite=Ind|Degree=Pos|Gender=Com|Number=Sing	in_treebanks={None}	Efter att ha upptäckt en rik åder av internetdiskussion om ämnet hade min lista vuxit omåttligt lång och täckte nästan varje stat i unionen.
form='antik'	lemma='antik'	Case=Nom|Definite=Ind|Degree=Pos|Gender=Com|Number=Sing	in_treebanks={None}	Utbildning under renässansen bestod mestadels av antik litteratur och historia eftersom det ansågs att klassikerna erbjöd moralisk instruktion och en intensiv förståelse för mänskligt beteende.
form='stark'	lemma='stark'	Case=Nom|Definite=Ind|Degree=Pos|Gender=Com|Number=Sing	in_treebanks={None}	Vid bara 20 är hon en stark röst mot mobbning och en positiv sådan när det kommer till att hjälpa flickor att omfamna sina egna skönhetsnormer.
form='arabisk'	lemma='arabisk'	Case=Nom|Definite=Ind|Degree=Pos|Gender=Com|Number=Sing	in_treebanks={None}	Valentino försökte fjärma rollkaraktären från det stereotypa porträttet av en arabisk man.
form='europeisk'	lemma='europeisk'	Case=Nom|Definite=Ind|Degree=Pos|Gender=Com|Number=Sing	in_treebanks={None}	Med hennes utseende färdigställt blev Jasmine Disneys första icke-vita prinsessa i motsats till att vara av europeisk härkomst.
form='grekisk'	lemma='grekisk'	Case=Nom|Definite=Ind|Degree=Pos|Gender=Com|Number=Sing	in_treebanks={None}	Grekland var uppdelat i många små, självstyrande samhällen, ett mönster som i mångt och mycket dikteras av grekisk geografi: varje ö, dalgång och slätt är avskuren från sina grannar av hav eller bergskedjor.
form='turkisk'	lemma='turkisk'	Case=Nom|Definite=Ind|Degree=Pos|Gender=Com|Number=Sing	in_treebanks={None}	Om en turkisk anställd slutar så kommer de turkiska arbetsråden.
form='moralisk'	lemma='moralisk'	Case=Nom|Definite=Ind|Degree=Pos|Gender=Com|Number=Sing	in_treebanks={None}	Utbildning under renässansen bestod mestadels av antik litteratur och historia eftersom det ansågs att klassikerna erbjöd moralisk instruktion och en intensiv förståelse för mänskligt beteende.
form='ekonomisk'	lemma='ekonomisk'	Case=Nom|Definite=Ind|Degree=Pos|Gender=Com|Number=Sing	in_treebanks={None}	Republikanska ekonomer varnar för att tolka dessa uppgifter som bevis för att deras parti är usla på ekonomisk politik.
form='botanisk'	lemma='botanisk'	Case=Nom|Definite=Ind|Degree=Pos|Gender=Com|Number=Sing	in_treebanks={None}	Golden Gate Park, som är över fyra kilometer lång, erbjuder en botanisk trädgård, ett planetarium, en japansk trädgård och ett akvarium.
form='makedonisk'	lemma='makedonisk'	Case=Nom|Definite=Ind|Degree=Pos|Gender=Com|Number=Sing	in_treebanks={None}	Efter att ha säkrat Makedoniens gränsregioner samlade Filip en stor makedonisk armé och marscherade djupt in i Trakien för en lång erövringskampanj.
form='harmonisk'	lemma='harmonisk'	Case=Nom|Definite=Ind|Degree=Pos|Gender=Com|Number=Sing	in_treebanks={None}	Dess garanti av friheter utlovade att lösa upp spänningar mellan samhällsgrupper och omvandla imperiet till en mer harmonisk plats.
form='elektronisk'	lemma='elektronisk'	Case=Nom|Definite=Ind|Degree=Pos|Gender=Com|Number=Sing	in_treebanks={None}	Nevadas industriella produktion består av turism, gruvdrift, maskinindustri, tryckeri och förlag, livsmedelstillverkning och elektronisk utrustning.
form='parlamentarisk'	lemma='parlamentarisk'	Case=Nom|Definite=Ind|Degree=Pos|Gender=Com|Number=Sing	in_treebanks={None}	Betoning, skarp ironi, rättframma antydningar och andra väl använda verbala knep passar in i parlamentarisk talarkonst, men att peka finger och slapstickkomedi gör det inte.
form='frisk'	lemma='frisk'	Case=Nom|Definite=Ind|Degree=Pos|Gender=Com|Number=Sing	in_treebanks={None}	Svavel är ett nyckelnäringsämne för växter för frisk tillväxt, men marker i Förenade kungariket har en naturlig brist på detta nödvändiga mineral.
form='historisk'	lemma='historisk'	Case=Nom|Definite=Ind|Degree=Pos|Gender=Com|Number=Sing	in_treebanks={None}	Det resulterade dock i att viktiga tunga artilleripjäser övergavs, och det är en fråga för historisk diskussion varför järnvägen till Flensburg aldrig användes ordentligt för evakueringen.
form='förhistorisk'	lemma='förhistorisk'	Case=Nom|Definite=Ind|Degree=Pos|Gender=Com|Number=Sing	in_treebanks={None}	Segel finns inte representerade i förhistorisk mesoamerikansk ikonografi eller texter, istället teoretiseras det att kanoter användes som den primära metoden för vattentransporter för antika maya.
form='hydroelektrisk'	lemma='hydroelektrisk'	Case=Nom|Definite=Ind|Degree=Pos|Gender=Com|Number=Sing	in_treebanks={None}	Alperna ger de europeiska låglanden dricksvatten, bevattning och hydroelektrisk ström.
form='problematisk'	lemma='problematisk'	Case=Nom|Definite=Ind|Degree=Pos|Gender=Com|Number=Sing	in_treebanks={None}	Guiden är problematisk, för det första eftersom den har tagits fram ”i ett sammanhang av undantagstillstånd”.
form='politisk'	lemma='politisk'	Case=Nom|Definite=Ind|Degree=Pos|Gender=Com|Number=Sing	in_treebanks={None}	Genom historien har den internationella hårmarknaden alltid haft en politisk dimension, säger Tarlo.
form='kanaanitisk'	lemma='kanaanitisk'	Case=Nom|Definite=Ind|Degree=Pos|Gender=Com|Number=Sing	in_treebanks={None}	Det exakta syftet bakom dessa megaliter diskuteras fortfarande, men de kan ha utgjort en kanaanitisk ”hög plats” från medelbronsålder, ca 1600 f.v.t.
form='praktisk'	lemma='praktisk'	Case=Nom|Definite=Ind|Degree=Pos|Gender=Com|Number=Sing	in_treebanks={None}	Vissa historiker, som Chandler och Weller, hävdar att det brittiska tunga kavalleriet förstördes som en praktisk kraft efter deras första episka anfall.
form='optisk'	lemma='optisk'	Case=Nom|Definite=Ind|Degree=Pos|Gender=Com|Number=Sing	in_treebanks={None}	Genom att använda Alvarez tvåpoliga antenn för att få en väldigt hög optisk upplösning möjliggör GCA för markbaserade radaroperatörer som tittar på speciella precisionsskärmar att guida ett landande flygplan på landningsbanan genom att sända verbala kommandon till piloten.
form='egyptisk'	lemma='egyptisk'	Case=Nom|Definite=Ind|Degree=Pos|Gender=Com|Number=Sing	in_treebanks={None}	Den egyptiske faraon fann sig så i Norra Amurru, långt bortanför Kadesh, i Tunip, dit ingen egyptisk soldat hade varit sedan Thutmosis III nästan 120 år tidigare.
form='antifacistisk'	lemma='antifacistisk'	Case=Nom|Definite=Ind|Degree=Pos|Gender=Com|Number=Sing	in_treebanks={None}	"Tina Anselmi föddes den 25 mars 1927 i Castelfranco Veneto; hon växte upp i en antifacistisk katolsk familj, som präglades av förföljelsen av hennes militant socialistiske fader. "
form='rasistisk'	lemma='rasistisk'	Case=Nom|Definite=Ind|Degree=Pos|Gender=Com|Number=Sing	in_treebanks={None}	Vi kan inte låta presidentskapet gå till Donald Trump, någon så rasistisk, sexistisk och otroligt okvalificerad att vara överbefälhavare.
form='statistisk'	lemma='statistisk'	Case=Nom|Definite=Ind|Degree=Pos|Gender=Com|Number=Sing	in_treebanks={None}	Det har dock gjorts omfattande statistisk analys av demografi- och befolkningsdata som inkluderar kvinnor, särskilt i sin barnafödande roll.
form='sexistisk'	lemma='sexistisk'	Case=Nom|Definite=Ind|Degree=Pos|Gender=Com|Number=Sing	in_treebanks={None}	Vi kan inte låta presidentskapet gå till Donald Trump, någon så rasistisk, sexistisk och otroligt okvalificerad att vara överbefälhavare.
form='mystisk'	lemma='mystisk'	Case=Nom|Definite=Ind|Degree=Pos|Gender=Com|Number=Sing	in_treebanks={None}	Bloch är intresserad av att etablera hopp som den vägledande principen för sin marxism och betonar den implicita humanism som är inneboende i mystisk tradition.
form='brittisk'	lemma='brittisk'	Case=Nom|Definite=Ind|Degree=Pos|Gender=Com|Number=Sing	in_treebanks={None}	Ön Hong Kong överläts åt Storbritannien och vissa hamnar, inklusive Shanghai och Guangzhou, öppnades för brittisk handel och residens.
form='katolsk'	lemma='katolsk'	Case=Nom|Definite=Ind|Degree=Pos|Gender=Com|Number=Sing	in_treebanks={None}	"Tina Anselmi föddes den 25 mars 1927 i Castelfranco Veneto; hon växte upp i en antifacistisk katolsk familj, som präglades av förföljelsen av hennes militant socialistiske fader. "
form='muslimsk'	lemma='muslimsk'	Case=Nom|Definite=Ind|Degree=Pos|Gender=Com|Number=Sing	in_treebanks={None}	Medicin studerades också, särskilt i södra Italien där muslimsk medicin influerade skolan vid Salerno.
form='nordkoreansk'	lemma='nordkoreansk'	Case=Nom|Definite=Ind|Degree=Pos|Gender=Com|Number=Sing	in_treebanks={None}	Par bluffar sig in i nordkoreansk golfturnering, lyder Brisbanes nionyheter.
form='amerikansk'	lemma='amerikansk'	Case=Nom|Definite=Ind|Degree=Pos|Gender=Com|Number=Sing	in_treebanks={None}	Genom hela kriget användes Pearl Harbor frekvent i amerikansk propaganda.
form='mesoamerikansk'	lemma='mesoamerikansk'	Case=Nom|Definite=Ind|Degree=Pos|Gender=Com|Number=Sing	in_treebanks={None}	Segel finns inte representerade i förhistorisk mesoamerikansk ikonografi eller texter, istället teoretiseras det att kanoter användes som den primära metoden för vattentransporter för antika maya.
form='afrikansk'	lemma='afrikansk'	Case=Nom|Definite=Ind|Degree=Pos|Gender=Com|Number=Sing	in_treebanks={None}	Ett av deras många sörjande facebookinlägg har en rad som skulle ha gjort Chris förtjust: ”Mer afrikansk än du, har jag ej känt.”
form='korsikansk'	lemma='korsikansk'	Case=Nom|Definite=Ind|Degree=Pos|Gender=Com|Number=Sing	in_treebanks={None}	Under första koalitionskriget började snabbt ljus lysa på en ung korsikansk artilleriofficer i den franska revolutionens spår: Napoleon Bonaparte.
form='vatikansk'	lemma='vatikansk'	Case=Nom|Definite=Ind|Degree=Pos|Gender=Com|Number=Sing	in_treebanks={None}	I augusti 1969 tog påve Paulus VI bort dödstraffet ur vatikansk lag och drog tillbaka det för alla lagöverträdelser.
form='japansk'	lemma='japansk'	Case=Nom|Definite=Ind|Degree=Pos|Gender=Com|Number=Sing	in_treebanks={None}	Golden Gate Park, som är över fyra kilometer lång, erbjuder en botanisk trädgård, ett planetarium, en japansk trädgård och ett akvarium.
form='svensk'	lemma='svensk'	Case=Nom|Definite=Ind|Degree=Pos|Gender=Com|Number=Sing	in_treebanks={None}	En svensk studie har visat att djur sällan, om alls, landar efter den 2 månader långa parningsperioden.
form='romersk'	lemma='romersk'	Case=Nom|Definite=Ind|Degree=Pos|Gender=Com|Number=Sing	in_treebanks={None}	1519 blev han härskare över det Habsburgska kejsardömet och fick titeln Helig romersk kejsare 1530.
form='tysk'	lemma='tysk'	Case=Nom|Definite=Ind|Degree=Pos|Gender=Com|Number=Sing	in_treebanks={None}	Danevirke har förblivit i tysk ägo sedan dess.
form='global'	lemma='global'	Case=Nom|Definite=Ind|Degree=Pos|Gender=Com|Number=Sing	in_treebanks={None}	Hans mer ovanliga hyllningar inkluderar global ambassadör för New York City Health and Hospitals Corporation, och en plats vid Harvard Business School.
form='social'	lemma='social'	Case=Nom|Definite=Ind|Degree=Pos|Gender=Com|Number=Sing	in_treebanks={None}	Tematiskt representerar Jasmine även samhälleliga rättigheter, rastolerans, social hierarki, såväl som liv, frihet och jakten på lycka.
form='genial'	lemma='genial'	Case=Nom|Definite=Ind|Degree=Pos|Gender=Com|Number=Sing	in_treebanks={None}	Efter en del genial kirurgi och mycket väldigt krävande rehabilitering är jag fullt återställd.
form='radikal'	lemma='radikal'	Case=Nom|Definite=Ind|Degree=Pos|Gender=Com|Number=Sing	in_treebanks={None}	Denna affär kan ses som startpunkten för hans karriär som radikal revolutionär.
form='lokal'	lemma='lokal'	Case=Nom|Definite=Ind|Degree=Pos|Gender=Com|Number=Sing	in_treebanks={None}	Under det andra messeniska kriget etablerade sig Sparta som en lokal makt i Peleponnesos och resten av Grekland.
form='gammal'	lemma='gammal'	Case=Nom|Definite=Ind|Degree=Pos|Gender=Com|Number=Sing	in_treebanks={None}	Hon var 84 år gammal.
form='digital'	lemma='digital'	Case=Nom|Definite=Ind|Degree=Pos|Gender=Com|Number=Sing	in_treebanks={None}	Det Franska digitala rådet, som ger råd om lagförslag i linje med frågor om digital teknologi, kunde också granska det.
form='mental'	lemma='mental'	Case=Nom|Definite=Ind|Degree=Pos|Gender=Com|Number=Sing	in_treebanks={None}	En mental konflikt grep Herzl, mellan lusten för litterär framgång och en vilja att agera som en offentlig person.
form='fundamental'	lemma='fundamental'	Case=Nom|Definite=Ind|Degree=Pos|Gender=Com|Number=Sing	in_treebanks={None}	En fundamental förändring av arbetsprinciper orsakades av skotten James Watt.
form='stel'	lemma='stel'	Case=Nom|Definite=Ind|Degree=Pos|Gender=Com|Number=Sing	in_treebanks={None}	Kanske var klädkoden för stel.
form='civil'	lemma='civil'	Case=Nom|Definite=Ind|Degree=Pos|Gender=Com|Number=Sing	in_treebanks={None}	Och då Kina positionerats som världens största luftfartsmarknad det närmaste årtiondet är showen en möjlighet för Beijing att demonstrera sina ambitioner för civil luftfart såväl som för försvar.
form='finansiell'	lemma='finansiell'	Case=Nom|Definite=Ind|Degree=Pos|Gender=Com|Number=Sing	in_treebanks={None}	Kung Salaman ersatte den politiske veteranen med chefen för finansiell övervakning, Mohammed al-Jadaan.
form='originell'	lemma='originell'	Case=Nom|Definite=Ind|Degree=Pos|Gender=Com|Number=Sing	in_treebanks={None}	Med användning av en originell teknik lyckades Shen muddra kanalen och demonstrerade det uppsamlade slammets väldiga värde som gödsel.
form='nationell'	lemma='nationell'	Case=Nom|Definite=Ind|Degree=Pos|Gender=Com|Number=Sing	in_treebanks={None}	Som en följd är inte Trump särskilt oroad över latinamerikanernas röst på en nationell nivå.
form='traditionell'	lemma='traditionell'	Case=Nom|Definite=Ind|Degree=Pos|Gender=Com|Number=Sing	in_treebanks={None}	De senare spred även islam till kustbandet, men de flesta Bantufolken hade aldrig kontakt med Islam och förblev anhängare av afrikansk traditionell religion.
form='individuell'	lemma='individuell'	Case=Nom|Definite=Ind|Degree=Pos|Gender=Com|Number=Sing	in_treebanks={None}	Mishima stödde en väldigt individuell sorts nationalism mot slutet av sitt liv.
form='meningsfull'	lemma='meningsfull'	Case=Nom|Definite=Ind|Degree=Pos|Gender=Com|Number=Sing	in_treebanks={None}	Deras återkomster understryker attraktionen hos en bra utmaning, konstnärlig eller annan: obekvämhet, utveckling och en meningsfull koppling.
form='kärleksfull'	lemma='kärleksfull'	Case=Nom|Definite=Ind|Degree=Pos|Gender=Com|Number=Sing	in_treebanks={None}	Han beskrev henne som en ”anmärkningsvärd” och ”kärleksfull och underbar” kvinna som gjorde avtryck i den skönlitterära världen med sina historier.
form='livfull'	lemma='livfull'	Case=Nom|Definite=Ind|Degree=Pos|Gender=Com|Number=Sing	in_treebanks={None}	Uppsatsen, utgiven som Undersea, var en livfull berättelse om en resa längs havets botten.
form='ensam'	lemma='ensam'	Case=Nom|Definite=Ind|Degree=Pos|Gender=Com|Number=Sing	in_treebanks={None}	Idag är kanske Khanzir en ensam gris, men han är inte alltid ensam.
form='gemensam'	lemma='gemensam'	Case=Nom|Definite=Ind|Degree=Pos|Gender=Com|Number=Sing	in_treebanks={None}	Om Donald Trump blir president kommer regeringen här fortfarande vara tvungen att arbeta med honom för att driva fram vad för gemensam agenda som kan finnas, för att säkerställa att kanadensiska företag och intressen representeras i Washington.
form='autonom'	lemma='autonom'	Case=Nom|Definite=Ind|Degree=Pos|Gender=Com|Number=Sing	in_treebanks={None}	I stället bestämde de att Albanien skulle stå under osmanskt suzeränitet men med en autonom regering.
form='American'	lemma='American'	Degree=Pos	in_treebanks={None}	Med hjälp av American Civil Liberties Union utmanade de så småningom staten i ett fall som till sist fördes till USA:s högsta domstol.
form='sådan'	lemma='sådan'	Case=Nom|Definite=Ind|Degree=Pos|Gender=Com|Number=Sing	in_treebanks={None}	Vid bara 20 är hon en stark röst mot mobbning och en positiv sådan när det kommer till att hjälpa flickor att omfamna sina egna skönhetsnormer.
form='annan'	lemma='annan'	Case=Nom|Definite=Ind|Degree=Pos|Gender=Com|Number=Sing	in_treebanks={None}	Naturligtvis kommer Kina presentera mängder av annan militär maskinvara den här veckan från attackhelikoptrar till sjöflygplan.
form='årstidsbunden'	lemma='årstidsbunden'	Case=Nom|Definite=Ind|Gender=Com|Number=Sing|Tense=Past|VerbForm=Part	in_treebanks={None}	En monsun är en årstidsbunden dominerande vind som håller i sig i flera månader, och för in en regions regnperiod.
form='intagen'	lemma='intagen'	Case=Nom|Definite=Ind|Gender=Com|Number=Sing|Tense=Past|VerbForm=Part	in_treebanks={None}	Hon började vid RSC i mitten av sextiotalet med att spela en intagen mentalpatient i Marat/Sade.
form='egen'	lemma='egen'	Case=Nom|Degree=Pos|Gender=Com|Number=Sing	in_treebanks={None}	Det sydkoreanska företaget trodde att ett batterifel var orsaken och bytte sin egen komponent mot ett tredjepartstillverkat batteri.
form='tvungen'	lemma='tvungen'	Case=Nom|Definite=Ind|Gender=Com|Number=Sing|Tense=Past|VerbForm=Part	in_treebanks={None}	Om Donald Trump blir president kommer regeringen här fortfarande vara tvungen att arbeta med honom för att driva fram vad för gemensam agenda som kan finnas, för att säkerställa att kanadensiska företag och intressen representeras i Washington.
form='naken'	lemma='naken'	Case=Nom|Definite=Ind|Degree=Pos|Gender=Com|Number=Sing	in_treebanks={None}	I juni 2012 släppte det isländska bandet Sigur Rós en video till låten ”Fjögur Píanó” med LaBeouf i, där han uppträder naken.
form='avskuren'	lemma='avskuren'	Case=Nom|Definite=Ind|Gender=Com|Number=Sing|Tense=Past|VerbForm=Part	in_treebanks={None}	Grekland var uppdelat i många små, självstyrande samhällen, ett mönster som i mångt och mycket dikteras av grekisk geografi: varje ö, dalgång och slätt är avskuren från sina grannar av hav eller bergskedjor.
form='medveten'	lemma='medveten'	Case=Nom|Definite=Ind|Degree=Pos|Gender=Com|Number=Sing	in_treebanks={None}	Men det kom fram först efter att USA:s Environmental Protection Agency gjorde världen medveten om problemet.
form='liten'	lemma='liten'	Case=Nom|Definite=Ind|Degree=Pos|Gender=Com|Number=Sing	in_treebanks={None}	”Så jag hatar att ge er en liten börda, men republikens öde vilar på era axlar”, sade han till folksamlingen som kommit till en idrottsplan på University of North Carolina.
form='kristen'	lemma='kristen'	Case=Nom|Definite=Ind|Degree=Pos|Gender=Com|Number=Sing	in_treebanks={None}	Enligt kristen tro var en grav som var inbäddad i kalkstenen Jesus sista viloplats.
form='skjuten'	lemma='skjuten'	Case=Nom|Definite=Ind|Gender=Com|Number=Sing|Tense=Past|VerbForm=Part	in_treebanks={None}	Han återhämtade sig och skrevs ut från sjukhuset 11 april, vilket gjorde honom till första sittande president att överleva att bli skjuten i ett lönnmordsförsök.
form='knuten'	lemma='knuten'	Case=Nom|Definite=Ind|Gender=Com|Number=Sing|Tense=Past|VerbForm=Part	in_treebanks={None}	Historien för Carcassonne är direkt knuten till den för dess befästa stad.
form='självbelåten'	lemma='självbelåten'	Case=Nom|Definite=Ind|Degree=Pos|Gender=Com|Number=Sing	in_treebanks={None}	Ur denna synvinkel är förlegade strukturer och en självbelåten elit anledningen till varför sjukvårdssystemet, utbildningen och utrikeshandeln i USA är i så dåligt skick.
form='utgiven'	lemma='utgiven'	Case=Nom|Definite=Ind|Gender=Com|Number=Sing|Tense=Past|VerbForm=Part	in_treebanks={None}	Uppsatsen, utgiven som Undersea, var en livfull berättelse om en resa längs havets botten.
form='modern'	lemma='modern'	Case=Nom|Definite=Ind|Degree=Pos|Gender=Com|Number=Sing	in_treebanks={None}	De hade dem inte på min tid, och personer utan barn uttrycker genom sitt missnöje allt sitt hat för modern uppfostran.
form='tidigmodern'	lemma='tidigmodern'	Case=Nom|Definite=Ind|Degree=Pos|Gender=Com|Number=Sing	in_treebanks={None}	Guldåldersspanska eller tidigmodern spanska är den variant av språket som utgör övergången från medeltidsspanska till modern spanska.
form='allmän'	lemma='allmän'	Case=Nom|Definite=Ind|Degree=Pos|Gender=Com|Number=Sing	in_treebanks={None}	De Gaulle hade gett instruktioner om att det inte skulle förekomma några överdrivna uppvisningar av allmän tillgivenhet mot Churchill och inte några officiella utmärkelser utan hans föregående godkännande.
form='redo'	lemma='redo'	Case=Nom|Degree=Pos	in_treebanks={None}	Förra året var ett otroligt år och jag är redo för att vi kommer tillbaka ännu bättre 2017.
form='andino'	lemma='andino'	Number=Sing	in_treebanks={None}	De centrala Anderna tillhör de så kallade ”Andes de tipo andino” som formades av subduktion av oceanskorpan.
form='skarp'	lemma='skarp'	Case=Nom|Definite=Ind|Degree=Pos|Gender=Com|Number=Sing	in_treebanks={None}	Betoning, skarp ironi, rättframma antydningar och andra väl använda verbala knep passar in i parlamentarisk talarkonst, men att peka finger och slapstickkomedi gör det inte.
form='underbar'	lemma='underbar'	Case=Nom|Definite=Ind|Degree=Pos|Gender=Com|Number=Sing	in_treebanks={None}	Han beskrev henne som en ”anmärkningsvärd” och ”kärleksfull och underbar” kvinna som gjorde avtryck i den skönlitterära världen med sina historier.
form='oklar'	lemma='oklar'	Case=Nom|Definite=Ind|Degree=Pos|Gender=Com|Number=Sing	in_treebanks={None}	Anledningen till att marknadsföra videon i Tyskland är oklar.
form='söder'	lemma='söder'	Case=Nom|Definite=Ind|Degree=Pos|Gender=Com|Number=Sing	in_treebanks={None}	Schlei och våtmarkerna mellan Danevirke och Husum hade frusit igenom en svår vinter och landområdet omedelbart söder om Danevirke hade erövrats av den framtågande tyska armén.
form='säker'	lemma='säker'	Case=Nom|Definite=Ind|Degree=Pos|Gender=Com|Number=Sing	in_treebanks={None}	Adnan Z. Amin, generaldirektör för den Internationella organisationen för förnyelsebara energier (IRENA), är säker: ”Vindkraft till havs kan bli den största energikällan i en global ekonomi som är fri från kolbaserad energi.”
form='fler'	lemma='fler'	Case=Nom|Definite=Ind|Degree=Pos|Number=Plur	in_treebanks={None}	Och 2007, på höjden av dess popularitet (och, möjligen, Knightleys) var det ett av de 50 vanligaste namnen, med tre gånger fler småbarn med namnet Keira än Kiera.
form='väster'	lemma='väster'	Case=Nom|Definite=Ind|Degree=Pos|Gender=Com|Number=Sing	in_treebanks={None}	Vid 1340 hade Kairo en befolkning på nästan en halv miljon, vilket gjorde den till den största staden väster om Kina.
form='stor'	lemma='stor'	Case=Nom|Definite=Ind|Degree=Pos|Gender=Com|Number=Sing	in_treebanks={None}	”Vi möter stor konkurrens, och vi tror att överfarten kan hjälpa”, sade Joe Sternlieb, ordförande för Georgetown BID.
form='dyr'	lemma='dyr'	Case=Nom|Definite=Ind|Degree=Pos|Gender=Com|Number=Sing	in_treebanks={None}	Eller är det en dyr standard- eller förbetalningstariff?
form='kär'	lemma='kär'	Case=Nom|Definite=Ind|Degree=Pos|Gender=Com|Number=Sing	in_treebanks={None}	För inte så länge sedan skilde han sig från skådespelerskan, Gloria Holden, men var fortsatt kär efter det äktenskapliga uppbrottet.
form='litterär'	lemma='litterär'	Case=Nom|Definite=Ind|Degree=Pos|Gender=Com|Number=Sing	in_treebanks={None}	En mental konflikt grep Herzl, mellan lusten för litterär framgång och en vilja att agera som en offentlig person.
form='militär'	lemma='militär'	Case=Nom|Definite=Ind|Degree=Pos|Gender=Com|Number=Sing	in_treebanks={None}	Naturligtvis kommer Kina presentera mängder av annan militär maskinvara den här veckan från attackhelikoptrar till sjöflygplan.
form='svår'	lemma='svår'	Case=Nom|Definite=Ind|Degree=Pos|Gender=Com|Number=Sing	in_treebanks={None}	Schlei och våtmarkerna mellan Danevirke och Husum hade frusit igenom en svår vinter och landområdet omedelbart söder om Danevirke hade erövrats av den framtågande tyska armén.
form='inrikes'	lemma='inrikes'	Case=Nom|Degree=Pos	in_treebanks={None}	Dessa uppskattningar sammanfaller med procentandelarna av andelslägenheter som dyker upp på hyresmarknaden efter färdigställande, vilket visar på den viktiga roll som (inrikes) investerare spelar på Stor-Torontoområdets bostadsmarknad.
form='viss'	lemma='viss'	Case=Nom|Definite=Ind|Degree=Pos|Gender=Com|Number=Sing	in_treebanks={None}	Jag tittade på motocross och ju mer jag kollade desto mer dök det upp en viss kvinnas ansikte, i fotografier som såg ut som om de var från 1970-talet.
form='oviss'	lemma='oviss'	Case=Nom|Definite=Ind|Degree=Pos|Gender=Com|Number=Sing	in_treebanks={None}	Från regissörens synvinkel är filmen en oviss balansakt mellan gladlynt familjestoj och slagkraftigt samhällsdrama.
form='opretentiös'	lemma='opretentiös'	Case=Nom|Definite=Ind|Degree=Pos|Gender=Com|Number=Sing	in_treebanks={None}	På en nivå fungerar den som en vänlig opretentiös hjärtevärmare som verkar skräddarsydd för att ses en söndag eftermiddag.
form='sorglös'	lemma='sorglös'	Case=Nom|Definite=Ind|Degree=Pos|Gender=Com|Number=Sing	in_treebanks={None}	Han spelade Humphrey Bogarts yngre bror, en sorglös playboy, i Sabrina (1954) mot Audrey Hepburn.
form='hemlös'	lemma='hemlös'	Case=Nom|Definite=Ind|Degree=Pos|Gender=Com|Number=Sing	in_treebanks={None}	Trots publiceringen av ett foto i morse säger polisen i B.C. att de har fler frågor än svar i ett fall där en till synes hemlös man åtalas för en dödlig knivattack på en tonårig flicka vid hennes high school i Abbotsford.
form='pompös'	lemma='pompös'	Case=Nom|Definite=Ind|Degree=Pos|Gender=Com|Number=Sing	in_treebanks={None}	Donald Trump är en pompös, arrogant person som känner sig berättigad att få allt han vill och som bryr sig om sig själv, och hans temperament är skadligt för USA.
form='separat'	lemma='separat'	Case=Nom|Definite=Ind|Degree=Pos|Gender=Neut|Number=Sing	in_treebanks={None}	Snarare än att lära ut vetenskaplig metod som ett separat moment, till exempel, lär sig eleverna vetenskapligt innehåll genom att tillämpa det.
form='privat'	lemma='privat'	Case=Nom|Definite=Ind|Degree=Pos|Gender=Com|Number=Sing	in_treebanks={None}	Ledarna för företag som Spotify, Tesla, Uber och Snapchat kommer att delta vid en privat tillställning utöver Mountain View Summit.
form='het'	lemma='het'	Case=Nom|Definite=Ind|Degree=Pos|Gender=Com|Number=Sing	in_treebanks={None}	Dessutom kommer regeringen behöva hantera ännu en ”het potatis”.
form='gift'	lemma='gift'	Case=Nom|Definite=Ind|Gender=Com|Number=Sing|Tense=Past|VerbForm=Part	in_treebanks={None}	Aldrin har varit gift tre gånger.
form='vit'	lemma='vit'	Case=Nom|Definite=Ind|Degree=Pos|Gender=Com|Number=Sing	in_treebanks={None}	Mycket av debatten, från Demokraternas sida i år, har handlat om vit manlig identitet.
form='direkt'	lemma='direkt'	Case=Nom|Definite=Ind|Degree=Pos|Gender=Com|Number=Sing	in_treebanks={None}	Analysen visar en direkt koppling mellan antalet cigaretter som rökts under en livstid och antalet mutationer i tumörens DNA.
form='direkt'	lemma='direkt'	Case=Nom|Definite=Ind|Degree=Pos|Gender=Neut|Number=Sing	in_treebanks={None}	Systemet var enkelt, direkt, och fungerade väl, även med tidigare otränade piloter.
form='utmärkt'	lemma='utmärkt'	Case=Nom|Definite=Ind|Gender=Com|Number=Sing|Tense=Past|VerbForm=Part	in_treebanks={None}	Brittiska kavalleritrupper erhöll också utmärkt träning i fäktning till häst.
form='utmärkt'	lemma='utmärkt'	Case=Nom|Definite=Ind|Gender=Neut|Number=Sing|Tense=Past|VerbForm=Part	in_treebanks={None}	För alla som vill se huvudstaden i all dess prakt är november ett utmärkt tillfälle att åka.
form='sacrococcygealt'	lemma='sacrococcygealt'	Case=Nom|Definite=Ind|Degree=Pos|Gender=Neut|Number=Sing	in_treebanks={None}	Ett sacrococcygealt teratom är en tumör som utvecklas före födseln och växer från ett spädbarns svanskota.
form='stolt'	lemma='stolt'	Case=Nom|Definite=Ind|Degree=Pos|Gender=Com|Number=Sing	in_treebanks={None}	Fackförbunden har varit väldigt stridslystna och vid flera tillfällen har de krävt ett upphävande av den lagstiftning som Fátima Báñez är mest stolt över.
form='extravagant'	lemma='extravagant'	Case=Nom|Definite=Ind|Degree=Pos|Gender=Neut|Number=Sing	in_treebanks={None}	Vid den här tiden hade extravagant spenderande och en rad av dåliga investeringar av hennes investerare lämnat henne nästan barskrapad.
form='arrogant'	lemma='arrogant'	Case=Nom|Definite=Ind|Degree=Pos|Gender=Com|Number=Sing	in_treebanks={None}	Donald Trump är en pompös, arrogant person som känner sig berättigad att få allt han vill och som bryr sig om sig själv, och hans temperament är skadligt för USA.
form='bekant'	lemma='bekant'	Case=Nom|Definite=Ind|Degree=Pos|Gender=Com|Number=Sing	in_treebanks={None}	Denna motsägelse mellan ekonomiska data och politisk retorik är bekant, eller borde vara det.
form='brant'	lemma='brant'	Case=Nom|Definite=Ind|Degree=Pos|Gender=Neut|Number=Sing	in_treebanks={None}	Sedan 1960-talet har stadens ekonomi varit i brant förfall.
form='intressant'	lemma='intressant'	Case=Nom|Definite=Ind|Degree=Pos|Gender=Com|Number=Sing	in_treebanks={None}	Loving börjar med Richard och Mildred redan som ett par, efter en uppvaktning som skulle varit intressant att se, om så bara i korthet.
form='intressant'	lemma='intressant'	Case=Nom|Definite=Ind|Degree=Pos|Gender=Neut|Number=Sing	in_treebanks={None}	Jag älskar att leka med det, och jag letar alltid efter musor som passar in på beskrivningen för det är så intressant att göra en kollektion när jag hittar en.
form='militant'	lemma='militant'	Case=Nom|Definite=Ind|Degree=Pos|Gender=Com|Number=Sing	in_treebanks={None}	"Tina Anselmi föddes den 25 mars 1927 i Castelfranco Veneto; hon växte upp i en antifacistisk katolsk familj, som präglades av förföljelsen av hennes militant socialistiske fader. "
form='gladlynt'	lemma='gladlynt'	Case=Nom|Definite=Ind|Degree=Pos|Gender=Neut|Number=Sing	in_treebanks={None}	Från regissörens synvinkel är filmen en oviss balansakt mellan gladlynt familjestoj och slagkraftigt samhällsdrama.
form='kort'	lemma='kort'	Case=Nom|Definite=Ind|Degree=Pos|Gender=Com|Number=Sing	in_treebanks={None}	Till 200-talet hade kejsaren Carcalla gjort en ny indelning som bara varade en kort tid.
form='fast'	lemma='fast'	Case=Nom|Definite=Ind|Degree=Pos|Gender=Com|Number=Sing	in_treebanks={None}	I Thessalien besegrade han sina fiender och vid år 352 hade han fast kontroll över denna region.
form='typsatt'	lemma='typsatt'	Case=Nom|Definite=Ind|Gender=Com|Number=Sing|Tense=Past|VerbForm=Part	in_treebanks={None}	2010 publicerade stiftelsen en typsatt utgåva av ”Zettel's Traum”, vilket tog bort inträdeshindret för de som ryggat för den utkastliknande känslan av den fotografiska offseten.
form='fortsatt'	lemma='fortsatt'	Case=Nom|Definite=Ind|Gender=Com|Number=Sing|Tense=Past|VerbForm=Part	in_treebanks={None}	För inte så länge sedan skilde han sig från skådespelerskan, Gloria Holden, men var fortsatt kär efter det äktenskapliga uppbrottet.
form='fortsatt'	lemma='fortsatt'	Case=Nom|Definite=Ind|Gender=Neut|Number=Sing|Tense=Past|VerbForm=Part	in_treebanks={None}	”Beijing anser att ingripandet är nödvändigt för att undvika ett fortsatt dödläge i stadens lagstiftande”, sade han.
form='lätt'	lemma='lätt'	Case=Nom|Definite=Ind|Degree=Pos|Gender=Neut|Number=Sing	in_treebanks={None}	Att spela lika en match du dominerat är lätt att skaka av sig, men att göra så tre gånger i rad tyder på en svaghet.
form='rätt'	lemma='rätt'	Case=Nom|Definite=Ind|Degree=Pos|Gender=Com|Number=Sing	in_treebanks={None}	Vi rör oss i rätt riktning: Paris-avtalet kommer att sakta ner klimatförändringarna, vilket även det nyliga Kigali-tillägget för att minska HFC:er kommer att göra, sade Erik Solheim, chef för FN:s miljöorgan.
form='slut'	lemma='slut'	Case=Nom|Degree=Pos	in_treebanks={None}	Sen tar reklamen slut.
form='intensiv'	lemma='intensiv'	Case=Nom|Definite=Ind|Degree=Pos|Gender=Com|Number=Sing	in_treebanks={None}	Utbildning under renässansen bestod mestadels av antik litteratur och historia eftersom det ansågs att klassikerna erbjöd moralisk instruktion och en intensiv förståelse för mänskligt beteende.
form='positiv'	lemma='positiv'	Case=Nom|Definite=Ind|Degree=Pos|Gender=Com|Number=Sing	in_treebanks={None}	Vid bara 20 är hon en stark röst mot mobbning och en positiv sådan när det kommer till att hjälpa flickor att omfamna sina egna skönhetsnormer.
form='retrospektiv'	lemma='retrospektiv'	Case=Nom|Definite=Ind|Degree=Pos|Gender=Com|Number=Sing	in_treebanks={None}	Caplan avfärdar retrospektiv röstning, och citerar ett par forskare som kallar det ”lika rationellt som att döda farao när Nilen inte översvämmas.”
form='halv'	lemma='halv'	Case=Nom|Definite=Ind|Degree=Pos|Gender=Com|Number=Sing	in_treebanks={None}	Vid 1340 hade Kairo en befolkning på nästan en halv miljon, vilket gjorde den till den största staden väster om Kina.
form='själv'	lemma='själv'	Case=Nom|Definite=Ind|Degree=Pos|Gender=Com|Number=Sing	in_treebanks={None}	Wintour själv syns helt kort, och blir filmad när hon tar på sig sina solglasögon innan hon blir intervjuad.
form='New'	lemma='New'	Case=Nom	in_treebanks={None}	Hans mer ovanliga hyllningar inkluderar global ambassadör för New York City Health and Hospitals Corporation, och en plats vid Harvard Business School.
form='New'	lemma='New'	Degree=Pos	in_treebanks={None}	2009 hade den totala försäljningen av The Power of Now och A New Earth in North America uppskattats till tre miljoner respektive fem miljoner kopior.
form='ny'	lemma='ny'	Case=Nom|Definite=Ind|Degree=Pos|Gender=Com|Number=Sing	in_treebanks={None}	Så det är underbart att kunna rädda det och ta med det till ett nytt format och en ny tradition för mexikaner.
form='få'	lemma='få'	Case=Nom|Definite=Ind|Degree=Pos|Number=Plur	in_treebanks={None}	Detta har att göra med en av de få byggnaderna i stadskärnan som undgick förstörelse vid slutet av Andra världskriget.
